StartDate;EndDate;Status;IPAddress;Progress;DurationinSeconds;Finished;RecordedDate;ResponseId;RecipientLastName;RecipientFirstName;RecipientEmail;ExternalReference;LocationLatitude;LocationLongitude;DistributionChannel;UserLanguage;ppNumber;Gender;Age;Handedness;VRExperience;Q72;Q51;Q52;Q53;Q54;Q55;Q56;Q57;Q58;Q59;Q60;Q61;Q62;VRDesktopConfirmed;NASATLXRAW1_1;NASATLXRAW2_1;NASATLXRAW3_1;NASATLXRAW4_1;NASATLXRAW5_1;NASATLXRAW6_1;SIMTLX1_1;SIMTLX2_1;SIMTLX3_1;SIMTLX4_1;SIMTLX5_1;SIMTLX6_1;SIMTLX7_1;SIMTLX8_1;SIMTLX9_1;Q24;Q25;Q28_1;Q28_2;Q28_3;Q28_4;Q28_5;Q28_6;Q28_7;Q28_8;Q28_9;Q28_10;Q28_11;Q28_12;Q28_13;Q28_14;Q28_15;Q28_16;ITCSOPIPartA_1;ITCSOPIPartA_2;ITCSOPIPartA_3;ITCSOPIPartA_4;ITCSOPIPartA_5;ITCSOPIPartA_6;ITCSOPIPartB_1;ITCSOPIPartB_2;ITCSOPIPartB_3;ITCSOPIPartB_4;ITCSOPIPartB_5;ITCSOPIPartB_6;ITCSOPIPartB_7;ITCSOPIPartB_8;ITCSOPIPartB_9;ITCSOPIPartB_10;ITCSOPIPartB_11;ITCSOPIPartB_12;ITCSOPIPartB_13;ITCSOPIPartB_14;ITCSOPIPartB_15;ITCSOPIPartB_16;ITCSOPIPartB_17;ITCSOPIPartB_18;ITCSOPIPartB_19;ITCSOPIPartB_20;ITCSOPIPartB_21;ITCSOPIPartB_22;ITCSOPIPartB_23;ITCSOPIPartB_24;ITCSOPIPartB_25;ITCSOPIPartB_26;ITCSOPIPartB_27;ITCSOPIPartB_28;ITCSOPIPartB_29;ITCSOPIPartB_30;ITCSOPIPartB_31;ITCSOPIPartB_32;ITCSOPIPartB_33;ITCSOPIPartB_34;ITCSOPIPartB_35;ITCSOPIPartB_36;ITCSOPIPartB_37;ITCSOPIPartB_38;Q65;SUS_1;SUS_2;SUS_3;SUS_4;SUS_5;SUS_6;SUS_7;SUS_8;SUS_9;SUS_10;VRDesktopConfirmed1;NASATLX1_1;NASATLX2_1;NASATLX3_1;NASATLX4_1;NASATLX5_1;NASATLX6_1;SIMTLX1_2;SIMTLX2_2;SIMTLX3_2;SIMTLX4_2;SIMTLX5_2;SIMTLX6_2;SIMTLX7_2;SIMTLX8_2;SIMTLX9_2;SSQ1;SSQ2;SSQ3_1;SSQ3_2;SSQ3_3;SSQ3_4;SSQ3_5;SSQ3_6;SSQ3_7;SSQ3_8;SSQ3_9;SSQ3_10;SSQ3_11;SSQ3_12;SSQ3_13;SSQ3_14;SSQ3_15;SSQ3_16;ITCSOPIA_1;ITCSOPIA_2;ITCSOPIA_3;ITCSOPIA_4;ITCSOPIA_5;ITCSOPIA_6;ITCSOPIB_1;ITCSOPIB_2;ITCSOPIB_3;ITCSOPIB_4;ITCSOPIB_5;ITCSOPIB_6;ITCSOPIB_7;ITCSOPIB_8;ITCSOPIB_9;ITCSOPIB_10;ITCSOPIB_11;ITCSOPIB_12;ITCSOPIB_13;ITCSOPIB_14;ITCSOPIB_15;ITCSOPIB_16;ITCSOPIB_17;ITCSOPIB_18;ITCSOPIB_19;ITCSOPIB_20;ITCSOPIB_21;ITCSOPIB_22;ITCSOPIB_23;ITCSOPIB_24;ITCSOPIB_25;ITCSOPIB_26;ITCSOPIB_27;ITCSOPIB_28;ITCSOPIB_29;ITCSOPIB_30;ITCSOPIB_31;ITCSOPIB_32;ITCSOPIB_33;ITCSOPIB_34;ITCSOPIB_35;ITCSOPIB_36;ITCSOPIB_37;ITCSOPIB_38;Q87;SUS_11;SUS_12;SUS_13;SUS_14;SUS_15;SUS_16;SUS_17;SUS_18;SUS_19;SUS_20;SC0
26/08/2021 07:48;26/08/2021 11:24;0;137.56.85.82;100;12961;1;26/08/2021 11:24;R_2cq4Dp16yjb4CwL;;;;;521.215.972.900.391;510.450.744.628.906;anonymous;EN;20210826_pp00_pilot1;1;26;1;1;1;Consultant;Dutch;3;3;3;1;1;3;5;2;2;2;1;50;20;20;75;80;10;40;40;10;10;50;10;10;10;70;2;;1;1;1;1;1;1;1;1;1;1;2;1;1;1;1;1;5;2;4;4;3;4;3;4;3;4;2;3;2;4;2;2;3;2;4;1;2;2;4;4;4;4;1;1;1;1;1;1;2;4;1;2;3;4;4;3;4;4;1;4;;4;2;4;3;4;2;4;1;4;3;2;80;30;10;60;90;10;40;20;10;10;60;15;10;10;75;2;;1;1;1;1;1;1;1;1;1;1;2;1;1;1;1;1;4;2;4;4;4;5;5;5;4;4;4;4;3;4;3;2;3;2;4;1;3;4;5;4;4;4;2;2;2;2;4;1;4;3;3;1;2;4;4;4;4;4;1;4;;5;2;3;3;4;1;3;2;3;4;360
27/08/2021 01:11;30/08/2021 05:34;0;137.56.85.82;100;274982;1;30/08/2021 05:34;R_3PiAAYTbrdzV846;;;;;521.215.972.900.391;510.450.744.628.906;anonymous;EN;20210827_pp01_pilot2;1;19;1;3;3;Student/Software engineer;Lithuanian;3;1;2;1;3;1;3;3;2;3;NaN;NaN;NaN;NaN;NaN;NaN;NaN;NaN;NaN;NaN;NaN;NaN;NaN;NaN;NaN;NaN;NaN;;NaN;NaN;NaN;NaN;NaN;NaN;NaN;NaN;NaN;NaN;NaN;NaN;NaN;NaN;NaN;NaN;NaN;NaN;NaN;NaN;NaN;NaN;NaN;NaN;NaN;NaN;NaN;NaN;NaN;NaN;NaN;NaN;NaN;NaN;NaN;NaN;NaN;NaN;NaN;NaN;NaN;NaN;NaN;NaN;NaN;NaN;NaN;NaN;NaN;NaN;NaN;NaN;NaN;NaN;NaN;NaN;NaN;NaN;NaN;NaN;;NaN;NaN;NaN;NaN;NaN;NaN;NaN;NaN;NaN;NaN;NaN;NaN;NaN;NaN;NaN;NaN;NaN;NaN;NaN;NaN;NaN;NaN;NaN;NaN;NaN;NaN;NaN;;NaN;NaN;NaN;NaN;NaN;NaN;NaN;NaN;NaN;NaN;NaN;NaN;NaN;NaN;NaN;NaN;NaN;NaN;NaN;NaN;NaN;NaN;NaN;NaN;NaN;NaN;NaN;NaN;NaN;NaN;NaN;NaN;NaN;NaN;NaN;NaN;NaN;NaN;NaN;NaN;NaN;NaN;NaN;NaN;NaN;NaN;NaN;NaN;NaN;NaN;NaN;NaN;NaN;NaN;NaN;NaN;NaN;NaN;NaN;NaN;;NaN;NaN;NaN;NaN;NaN;NaN;NaN;NaN;NaN;NaN;26
30/08/2021 05:34;30/08/2021 09:07;0;137.56.85.82;100;12752;1;30/08/2021 09:07;R_1pJup2DA91vuFX0;;;;;521.215.972.900.391;510.450.744.628.906;anonymous;EN;20210830_pp00_pilot3;1;22;1;2;2;Student;Dutch;4;2;3;1;3;2;6;2;2;2;2;50;30;30;64;67;61;65;34;76;61;39;44;70;60;76;2;;2;2;1;2;1;1;2;1;1;2;1;1;1;1;1;1;4;1;5;5;4;4;4;5;2;5;4;5;5;5;5;3;4;5;2;1;3;4;5;4;5;4;4;1;3;1;5;1;4;5;2;2;2;5;5;4;5;4;1;5;When I was just making the second turn (the left turn), the VR world bugged for a second. That made me blink, and it disturbed the natural sense that I had for the environment for a second. Also, the VR headset was a little bit heavy to wear on my head.;4;1;2;1;5;1;5;4;4;1;1;23;25;34;71;61;61;40;20;29;24;39;35;20;30;45;2;;1;2;1;2;2;1;1;1;1;2;1;1;1;1;1;1;4;1;4;2;4;2;2;2;1;2;2;4;1;4;4;4;2;1;1;1;1;2;2;1;2;4;2;1;1;1;1;1;2;1;1;2;1;4;4;1;4;2;1;2;The display environment is way more motivating and fun in VR, then 2D, then it feels like a regular task;2;1;2;1;4;2;5;4;2;2;348
31/08/2021 05:59;31/08/2021 08:16;0;137.56.85.82;100;8232;1;31/08/2021 08:16;R_3OEpTg3xvpsk4cV;;;;;521.215.972.900.391;510.450.744.628.906;anonymous;EN;20210831_pp00_pilot04;1;20;1;2;1;Student;Dutch;4;1;2;1;2;3;3;1;2;3;1;95;30;50;40;95;40;70;40;50;20;70;80;30;40;90;2;;2;3;1;3;2;2;1;2;1;2;1;1;1;1;2;1;4;2;4;4;4;4;4;4;3;3;4;2;2;4;4;3;4;4;5;1;3;3;5;4;4;5;4;1;1;1;3;1;2;1;1;2;1;4;3;3;4;4;2;3;;3;1;2;3;4;2;4;2;2;1;2;70;30;30;20;50;10;40;30;20;20;50;40;60;5;20;2;;1;3;1;3;2;1;1;2;1;2;2;1;2;1;2;1;5;2;4;5;4;5;5;4;3;4;5;3;2;5;5;3;5;5;5;2;4;4;5;4;4;5;5;2;2;1;5;1;3;4;1;4;2;5;4;3;5;4;1;5;;5;1;5;2;5;1;4;1;3;2;397
06/09/2021 00:45;06/09/2021 02:18;0;137.56.85.82;100;5547;1;06/09/2021 02:18;R_XBvgwj45PFfxRU5;;;;;521.215.972.900.391;510.450.744.628.906;anonymous;EN;20210906_pp00_pilot5;1;19;1;3;3;Student/software engineer;lithuanian;3;1;2;1;3;2;3;3;2;3;1;60;20;39;90;100;10;50;50;60;10;50;30;NaN;NaN;10;2;;1;1;1;2;2;1;1;1;2;1;1;1;1;1;1;1;4;1;2;4;5;4;5;4;2;4;3;3;2;4;2;3;2;2;1;1;1;2;4;2;3;2;2;1;1;1;3;1;2;1;1;1;1;4;4;3;4;3;1;3;;4;1;5;1;3;2;2;1;5;1;2;72;69;21;92;80;8;38;72;10;7;50;16;NaN;NaN;8;2;;1;1;1;2;2;1;1;1;2;1;1;1;1;1;1;1;4;2;4;5;5;5;5;4;2;5;4;4;4;5;4;2;4;4;3;1;4;4;4;3;4;2;4;1;2;1;4;1;2;4;1;1;3;3;4;4;4;4;1;4;;5;1;5;1;3;3;2;3;5;1;344
17/09/2021 05:35;17/09/2021 10:40;0;137.56.178.21;100;18271;1;17/09/2021 10:40;R_1pK9zJ77L7ydbka;;;;;515.653.076.171.875;505.430.603.027.344;anonymous;EN;20210917_pp00_pilot6;1;28;1;2;3;Student;Syrian;4;1;3;1;2;1;6;2;2;3;2;60;65;4;40;30;3;0;NaN;NaN;NaN;NaN;4;NaN;NaN;NaN;2;;1;1;1;1;1;1;1;1;1;1;1;1;1;2;1;1;4;1;4;4;4;4;4;4;4;5;5;4;4;4;4;3;4;5;5;2;4;3;5;5;4;4;3;2;1;NaN;4;1;4;5;3;4;4;4;5;4;4;5;1;4;;4;1;5;2;4;1;4;NaN;4;1;1;11;9;NaN;30;10;NaN;NaN;NaN;NaN;NaN;NaN;10;NaN;NaN;NaN;2;;1;1;1;1;1;1;1;1;1;2;1;1;1;1;1;1;4;1;2;4;4;5;3;2;4;2;2;1;1;3;2;2;2;3;1;1;1;1;4;1;1;1;1;1;1;NaN;1;1;1;1;1;3;3;1;3;3;1;1;1;1;;4;2;4;2;4;2;4;4;5;1;335
20/09/2021 01:10;20/09/2021 03:35;0;137.56.178.21;100;8675;1;20/09/2021 03:35;R_30egyR0oIbNBvWz;;;;;515.653.076.171.875;505.430.603.027.344;anonymous;EN;20210920_pp01_0101;1;22;2;1;1;Student;Dutch;3;2;2;1;1;2;6;1;2;1;1;20;10;1;30;10;25;15;10;5;20;2;10;1;3;35;2;;1;1;1;3;2;1;1;1;2;1;1;1;1;1;1;1;4;1;2;3;3;4;4;2;4;2;2;1;2;4;2;4;2;2;1;1;2;2;1;1;1;4;4;1;1;1;2;1;5;2;1;2;2;5;2;3;2;2;1;1;I wasn't actually looking at the environment but was more focused on the screen stating my speed ;4;1;5;2;4;3;5;3;4;1;2;75;50;10;40;76;50;70;40;10;60;35;55;30;25;40;2;;2;3;1;1;1;1;2;1;3;2;1;1;1;1;1;1;3;2;4;3;4;4;4;4;4;3;4;3;4;4;3;4;4;5;4;2;2;3;4;2;3;4;2;1;2;1;5;2;3;3;4;4;4;4;3;4;2;2;1;4;;4;1;4;3;4;2;3;3;2;2;336
21/09/2021 05:10;21/09/2021 07:27;0;137.56.178.21;100;8214;1;21/09/2021 07:27;R_1d3NJBTdOAoArQl;;;;;515.653.076.171.875;505.430.603.027.344;anonymous;EN;20210921_pp02_0102;1;19;1;2;1;Student;Malaysian;3;2;2;1;2;4;5;3;2;2;1;70;55;30;30;75;30;70;30;30;25;40;40;20;40;75;2;;1;2;1;2;1;2;2;1;1;1;1;1;1;2;1;1;3;4;3;4;5;3;3;3;4;2;1;3;1;4;3;3;2;1;3;1;3;3;4;3;1;2;4;1;3;1;2;1;1;1;1;1;3;4;4;2;1;3;2;3;I felt that I wanted to experience more in terms of the environment. When I was struggling to gather my bearings, it didn't feel as if I'm doing something horribly wrong.;3;3;2;2;2;3;3;3;2;4;2;80;56;30;50;80;40;75;50;30;35;65;50;10;30;70;2;;1;3;1;2;1;2;2;1;1;1;1;1;1;2;1;1;4;4;4;4;5;5;5;5;4;4;4;4;4;4;3;4;3;4;5;3;3;4;4;4;4;3;4;2;4;3;5;2;3;3;2;3;4;4;3;3;5;5;4;5;I found myself getting tunnel vision on the task quicker than without the VR headset - it felt as if I was able to focus on the task easier.;4;2;3;4;3;2;3;4;3;5;379
23/09/2021 07:47;23/09/2021 09:16;0;137.56.178.21;100;5330;1;23/09/2021 09:16;R_1KyjeYzIFSfeWZ9;;;;;515.653.076.171.875;505.430.603.027.344;anonymous;EN;20210923_pp03_0201;2;21;1;2;1;Student;Dutch;3;2;2;2;1;1;6;2;2;1;2;75;77;65;45;85;74;80;61;52;72;84;49;18;21;84;2;;2;4;1;2;3;1;1;1;3;4;2;1;1;2;1;1;2;3;2;2;3;4;4;4;3;3;4;4;3;4;3;4;4;4;4;1;3;3;4;NaN;2;4;1;1;3;1;3;1;3;4;1;2;3;3;4;4;3;4;1;4;;2;2;4;3;4;2;5;4;3;3;1;80;68;81;18;75;71;91;38;61;75;80;46;11;29;74;2;;1;4;1;1;4;1;1;1;4;3;1;1;1;1;1;1;2;1;2;2;2;4;3;4;2;4;4;4;2;3;2;5;4;4;4;1;3;2;4;4;4;4;1;1;2;1;3;1;2;1;1;1;3;3;4;4;4;4;1;4;;2;2;4;2;4;2;5;4;3;2;362
27/09/2021 00:44;27/09/2021 02:56;0;137.56.178.21;100;7920;1;27/09/2021 02:56;R_2zAdPGu2Hs7rIhW;;;;;515.653.076.171.875;505.430.603.027.344;anonymous;EN;20210927_pp04_0202;1;22;1;2;3;student;Dutch;3;1;2;1;3;3;6;2;1;2;2;43;24;57;9;31;29;30;49;29;17;20;56;24;32;40;2;;2;1;1;2;2;2;2;1;1;3;2;1;2;2;1;1;5;4;4;5;3;5;4;4;4;5;3;4;4;5;4;3;2;2;4;3;2;2;4;3;4;4;3;1;2;1;4;1;4;2;2;3;4;4;5;4;5;5;1;4;;5;2;4;3;4;1;5;3;4;2;1;26;17;55;17;48;11;13;10;45;9;30;17;50;20;50;2;;1;1;1;2;1;1;1;1;1;2;1;1;2;1;1;1;3;1;2;4;3;4;3;2;3;4;2;4;2;5;2;3;4;2;4;1;2;2;4;2;3;2;2;1;2;1;3;1;2;1;1;1;3;3;4;3;4;4;1;3;;4;2;5;1;4;2;5;3;4;2;372
27/09/2021 02:59;27/09/2021 08:59;0;137.56.178.21;100;21597;1;27/09/2021 08:59;R_3Eoikw7BbL5V42q;;;;;515.653.076.171.875;505.430.603.027.344;anonymous;EN;20210927_pp05_0101;1;27;1;1;1;Student;Chinese;3;1;3;1;2;2;6;3;1;2;1;10;10;20;NaN;8;0;NaN;NaN;NaN;NaN;9;NaN;NaN;NaN;0;2;;1;1;1;1;1;1;1;1;1;1;1;1;1;1;1;1;3;1;2;3;4;4;1;1;3;4;3;3;1;4;2;1;4;3;2;1;1;1;1;1;1;4;1;1;1;1;3;1;1;1;1;1;4;4;2;2;2;2;1;4;;1;3;5;1;2;1;5;1;5;1;2;29;8;8;71;40;NaN;9;9;NaN;NaN;8;NaN;NaN;20;30;2;;1;1;1;1;1;1;1;1;1;1;1;1;1;1;1;1;3;1;1;3;4;4;1;4;2;4;4;2;2;5;4;1;1;4;1;1;1;1;4;2;4;4;1;1;1;1;3;1;2;4;1;1;4;4;4;4;4;3;1;4;;3;1;5;2;5;2;5;1;5;1;286
28/09/2021 00:45;28/09/2021 02:30;0;137.56.178.21;100;6289;1;28/09/2021 02:30;R_3iDyprVkOLG0U8a;;;;;515.653.076.171.875;505.430.603.027.344;anonymous;EN;20210928_pp06_0102;2;21;1;1;1;Student;Dutch;2;1;3;1;1;1;6;1;2;1;1;70;17;61;30;50;65;20;4;50;45;50;50;5;13;70;2;;1;1;1;2;1;1;1;1;1;2;2;1;1;1;1;1;2;2;1;3;4;2;2;3;4;1;1;2;1;3;2;2;2;2;2;1;1;2;2;2;1;4;4;1;1;1;2;2;4;1;1;4;2;2;4;1;1;3;2;2;;2;3;2;2;4;2;3;2;2;4;2;61;25;10;71;70;45;19;8;14;30;45;30;9;28;46;2;;2;1;2;2;2;1;1;1;1;2;2;1;1;1;1;1;2;2;3;3;4;4;3;4;4;2;3;3;2;4;2;1;3;4;3;1;2;2;4;4;4;4;3;2;2;1;4;1;2;4;3;4;4;3;4;3;4;4;3;4;;4;2;3;1;5;1;4;1;2;2;307
28/09/2021 02:30;28/09/2021 06:35;0;137.56.178.21;100;14722;1;28/09/2021 06:35;R_1ImURQCQuBgsNIO;;;;;515.653.076.171.875;505.430.603.027.344;anonymous;EN;20210928_pp07_0201;1;20;1;2;2;none;Dutch;3;1;2;1;1;4;3;2;1;2;2;85;29;58;40;72;9;33;NaN;5;NaN;24;41;NaN;0;61;2;;1;1;1;1;1;1;2;1;1;1;1;1;1;1;1;1;2;2;4;4;5;4;4;4;4;3;2;4;3;4;4;2;4;4;2;2;4;4;5;4;4;4;2;2;3;2;4;2;4;2;2;4;4;4;4;4;4;4;2;4;I felt like I was in the displayed environment, although I didn't have a complete body in the environment;4;2;4;2;4;3;4;3;4;2;1;75;19;33;9;61;NaN;17;NaN;14;NaN;50;6;3;NaN;60;2;;1;1;1;1;1;1;1;1;1;1;1;1;1;1;1;1;4;2;4;4;4;4;4;4;4;2;4;4;3;3;4;1;4;5;4;1;3;4;4;4;4;4;2;2;3;2;2;2;3;2;2;4;4;4;4;3;4;4;1;4;;4;2;4;1;4;2;4;3;4;2;381
28/09/2021 06:39;28/09/2021 09:25;0;137.56.178.21;100;9959;1;28/09/2021 09:25;R_2WHfjrQI1pjtX1S;;;;;515.653.076.171.875;505.430.603.027.344;anonymous;EN;20210928_pp08_0202;1;19;1;2;1;student;romanian;2;1;2;1;2;3;3;2;2;2;2;60;NaN;NaN;8;8;NaN;NaN;NaN;NaN;NaN;30;NaN;NaN;NaN;NaN;2;;2;1;1;1;1;2;1;1;1;1;1;1;1;1;1;1;1;1;2;4;4;4;4;4;3;4;4;4;4;4;4;1;2;4;4;1;2;1;4;4;3;5;1;1;1;1;4;1;2;1;1;3;2;4;5;4;4;4;1;4;;4;1;4;2;4;1;4;1;4;1;1;0;NaN;NaN;4;NaN;NaN;NaN;NaN;NaN;NaN;NaN;NaN;NaN;NaN;NaN;2;;1;1;1;1;1;1;1;1;1;1;1;1;1;1;1;1;3;1;1;2;4;1;2;4;2;1;4;3;1;3;2;3;2;1;2;1;1;1;1;1;1;5;1;1;1;1;1;1;1;1;1;1;1;1;1;1;2;1;1;1;;2;1;5;1;1;1;5;2;3;1;272
30/09/2021 00:33;30/09/2021 06:02;0;137.56.178.21;100;19736;1;30/09/2021 06:02;R_1NaDfTCAQJ3cFV4;;;;;515.653.076.171.875;505.430.603.027.344;anonymous;EN;20210930_pp09_0101;2;20;1;3;1;Student;Belgian;3;2;2;1;2;3;3;3;1;2;1;60;20;36;29;60;19;30;9;61;28;40;29;15;6;50;2;;1;1;1;1;1;2;3;1;1;2;2;1;1;1;1;1;4;2;4;4;3;5;5;5;4;4;3;3;3;5;1;2;3;2;2;1;3;3;5;3;3;4;1;1;1;2;2;1;2;1;1;3;4;4;5;4;5;5;1;5;;3;1;4;4;4;1;5;3;5;3;2;58;28;50;81;51;29;64;38;50;40;30;25;55;20;31;2;;2;3;2;1;3;1;3;1;2;3;2;1;2;1;1;1;3;4;5;3;4;3;5;5;4;4;4;4;5;4;2;4;3;2;1;1;2;2;5;4;4;5;1;1;4;3;3;1;3;3;1;4;5;4;5;5;5;4;4;4;VR glasses should be calibrated perfectly before performing a task, otherwise focusing becomes difficult;3;1;4;5;4;2;4;3;4;3;398
30/09/2021 06:02;30/09/2021 08:56;0;137.56.178.21;100;10420;1;30/09/2021 08:56;R_Ui72nH66t7GtW5X;;;;;515.653.076.171.875;505.430.603.027.344;anonymous;EN;20210930_pp10_0102;2;25;1;1;1;Student;Greek;3;1;2;1;1;2;6;2;2;1;1;30;9;19;45;52;39;40;10;33;41;17;24;12;19;28;2;;1;1;1;2;2;1;1;1;2;2;2;1;1;1;1;1;3;3;2;4;3;4;4;4;2;3;3;4;2;3;4;2;4;4;4;2;3;2;2;3;2;4;4;2;2;2;4;2;2;3;2;3;3;3;4;4;3;4;2;4;;3;2;4;4;4;2;3;3;3;4;2;40;15;25;61;50;24;33;15;24;22;25;24;19;20;28;2;;1;1;1;1;1;1;1;1;1;2;2;1;1;1;1;1;4;2;4;4;4;4;4;4;4;4;4;4;3;4;4;2;4;4;4;2;3;3;4;4;4;4;3;2;4;2;4;2;3;3;4;3;4;4;4;4;4;4;2;4;;4;2;4;4;4;3;4;3;4;4;388
04/10/2021 00:29;04/10/2021 02:41;0;137.56.178.21;100;7882;1;04/10/2021 02:41;R_124q2lStsco9Iso;;;;;515.653.076.171.875;505.430.603.027.344;anonymous;EN;20211004_pp11_0201;1;29;1;2;1;Student;Albanian;3;2;2;1;4;4;5;3;2;3;2;26;2;46;30;12;0;9;2;20;0;34;14;9;4;53;2;;1;1;1;1;1;1;1;1;1;2;1;1;1;2;1;1;5;2;4;5;5;5;4;4;3;4;4;4;4;5;5;1;4;4;4;2;4;4;4;4;4;5;1;4;2;2;5;2;4;4;2;3;3;5;5;4;4;4;1;4;;5;2;5;2;4;2;4;1;5;3;1;54;3;24;63;55;52;52;2;39;56;50;48;54;66;66;2;;1;1;1;1;1;1;1;1;1;1;1;1;1;1;1;1;2;3;2;2;3;3;2;3;3;2;3;3;1;2;2;3;4;3;2;2;3;2;2;4;4;4;2;1;2;2;3;1;2;1;1;2;1;3;4;2;3;2;1;2;;3;3;4;2;3;3;4;2;4;2;364
04/10/2021 02:41;04/10/2021 05:38;0;137.56.178.21;100;10629;1;04/10/2021 05:38;R_XHzJdb4wGgKBurT;;;;;515.653.076.171.875;505.430.603.027.344;anonymous;EN;20211004_pp12_0202;2;19;1;1;1;student;Bulgarian;2;1;2;1;2;2;5;2;2;2;2;56;41;50;85;82;10;39;40;33;10;60;19;7;NaN;60;2;;1;1;1;1;1;1;1;1;1;1;1;1;1;1;1;1;4;3;2;4;4;5;4;4;3;4;4;4;4;5;3;1;4;5;2;1;4;3;5;4;2;4;2;2;2;3;4;3;4;4;3;2;4;4;4;4;4;4;1;4;;5;1;4;1;5;2;5;3;3;2;1;50;70;50;50;80;7;13;26;50;7;53;10;10;3;60;2;;1;1;1;1;1;1;1;1;1;1;1;1;1;1;1;1;4;3;3;4;5;5;2;4;2;3;4;2;2;5;2;1;4;3;2;1;2;3;5;4;2;4;2;1;2;2;2;3;3;2;4;4;2;4;4;3;4;3;1;4;;4;1;5;1;5;1;5;3;4;2;368
04/10/2021 05:38;04/10/2021 09:01;0;137.56.178.21;100;12172;1;04/10/2021 09:01;R_21cbU78wUTsdZkw;;;;;515.653.076.171.875;505.430.603.027.344;anonymous;EN;20211004_pp13_0101;1;24;1;1;1;Student;Dutch;3;1;2;1;2;2;6;3;2;1;1;20;10;25;40;50;1;20;1;1;1;30;1;10;20;40;2;;1;1;1;3;1;1;1;1;1;1;3;1;2;1;1;1;4;2;3;4;4;4;4;4;4;2;2;3;2;4;3;1;3;4;4;1;1;1;4;3;1;2;4;1;2;2;2;1;2;1;1;1;1;2;1;1;1;1;1;1;;3;1;5;1;3;3;2;3;4;1;2;60;30;40;50;70;20;60;20;20;10;40;10;3;20;10;2;;2;1;1;2;1;1;1;1;1;1;2;1;1;1;3;1;4;2;4;4;5;5;5;5;5;5;2;4;4;5;4;2;4;4;4;1;4;3;2;4;4;3;4;1;1;1;4;1;4;4;1;3;4;3;3;4;5;4;1;4;;4;2;5;2;4;1;4;2;4;1;341
05/10/2021 00:14;05/10/2021 02:33;0;137.56.178.21;100;8370;1;05/10/2021 02:33;R_2OTKoRrxfIruYVm;;;;;515.653.076.171.875;505.430.603.027.344;anonymous;EN;20211005_pp14_0102;1;23;1;1;1;student;south korean;2;1;2;1;1;2;6;1;1;2;1;61;42;52;30;52;9;8;7;9;9;18;4;NaN;8;15;2;;2;1;1;3;1;1;1;1;1;2;1;1;1;1;1;1;3;3;4;3;4;3;3;4;5;4;2;3;1;4;2;1;3;1;1;1;2;1;1;1;1;4;2;1;1;2;2;1;1;2;1;1;3;1;1;3;3;3;1;5;;3;3;3;3;4;3;4;2;4;3;2;11;34;24;10;21;20;20;28;19;12;41;22;25;28;29;2;;1;1;2;3;1;2;1;1;1;2;2;3;2;1;1;1;3;3;3;4;1;4;4;3;2;2;2;2;3;3;3;2;3;3;3;2;2;3;3;3;4;4;4;3;3;3;3;1;3;3;3;2;3;3;3;3;4;3;3;3;;2;2;4;3;3;3;2;2;4;4;322
05/10/2021 02:34;05/10/2021 06:08;0;137.56.178.21;100;12866;1;05/10/2021 06:08;R_2E7cyigeZ0LFkQN;;;;;515.653.076.171.875;505.430.603.027.344;anonymous;EN;20211005_pp15_0201;2;19;1;1;1;student;chinese;2;1;1;1;2;1;6;2;1;2;2;25;10;17;83;26;31;37;19;41;47;30;63;68;41;86;2;;2;1;2;1;1;1;1;1;1;2;1;NaN;NaN;2;1;1;3;3;4;3;5;5;3;4;2;4;4;4;4;5;5;2;4;5;5;2;4;4;4;4;4;4;4;2;4;2;4;2;2;4;2;3;4;4;4;4;4;5;4;4;;3;3;3;5;4;3;4;3;3;2;1;NaN;NaN;60;49;82;50;NaN;NaN;54;47;74;51;59;4;79;2;;1;1;1;1;1;1;1;1;1;1;1;1;1;1;1;1;3;3;2;3;2;4;3;2;2;2;2;1;1;3;1;2;1;1;2;2;1;3;3;2;1;2;2;1;1;1;1;2;1;1;1;3;3;2;3;2;2;2;1;3;;2;3;2;4;3;2;3;3;2;2;334
05/10/2021 06:09;05/10/2021 08:56;0;137.56.178.21;100;10010;1;05/10/2021 08:56;R_3oKP3QfOyUwozXx;;;;;515.653.076.171.875;505.430.603.027.344;anonymous;EN;20211005_pp16_0202;2;22;1;2;1;Student;Dutch;2;1;1;1;1;1;3;2;2;1;2;75;45;30;90;65;30;80;30;11;20;55;45;19;10;55;2;;1;2;1;2;2;2;1;1;2;3;1;1;1;1;2;1;4;4;4;4;4;4;5;4;4;4;3;4;3;5;4;2;4;5;5;3;2;4;5;4;5;4;3;1;2;1;4;1;3;4;1;4;2;4;4;4;4;5;1;4;;4;1;3;4;4;2;5;3;5;1;1;81;29;18;61;80;39;70;20;19;38;59;18;39;20;50;2;;2;3;3;2;2;2;1;1;2;3;2;1;1;1;2;1;2;3;3;2;4;3;4;4;3;2;2;3;2;4;1;4;3;2;2;2;1;2;2;3;4;3;2;1;1;1;2;1;2;2;1;3;1;2;4;3;3;2;4;2;;2;1;3;1;2;2;4;3;4;1;358
07/10/2021 00:31;07/10/2021 02:45;0;137.56.178.21;100;8058;1;07/10/2021 02:45;R_3KwoQAaKCXnXlxg;;;;;515.653.076.171.875;505.430.603.027.344;anonymous;EN;20211007_pp17_0101;2;18;1;1;1;student;spanish;3;2;1;2;1;3;6;2;2;2;1;100;95;91;50;90;50;85;60;100;50;70;95;0;0;50;2;;1;1;1;2;1;1;1;1;1;1;2;1;1;1;1;1;4;2;3;4;3;5;5;5;5;5;5;5;3;5;4;3;5;4;4;1;4;3;4;5;2;4;4;1;1;1;4;1;4;1;1;1;5;5;3;4;1;2;1;4;;5;2;1;3;4;2;4;3;2;4;2;100;95;100;70;100;60;100;95;100;61;40;100;0;40;80;2;;1;1;2;2;1;1;1;1;1;1;2;1;2;1;1;1;5;4;5;5;4;5;5;5;5;5;5;5;4;5;5;5;5;4;4;5;5;5;5;4;4;5;4;1;1;1;5;4;2;4;3;3;5;5;4;5;1;1;5;5;;5;4;3;4;5;2;5;3;4;5;432
07/10/2021 02:46;07/10/2021 06:05;0;137.56.178.21;100;11930;1;07/10/2021 06:05;R_9EUgyWDikP9G61X;;;;;515.653.076.171.875;505.430.603.027.344;anonymous;EN;20211007_pp18_0102;1;25;1;1;1;student;Greek;3;1;3;1;2;1;5;3;2;1;1;81;41;62;50;81;71;50;52;71;73;59;60;30;40;79;2;;1;1;1;1;1;1;1;1;1;1;1;1;1;1;1;1;3;3;1;4;1;4;3;3;4;4;4;4;2;4;3;2;4;2;3;3;4;3;5;4;4;4;2;1;2;1;3;3;4;4;2;2;4;4;3;4;4;4;2;5;;3;3;2;2;4;NaN;2;3;2;4;2;83;100;93;74;93;100;82;75;91;90;85;86;100;99;90;1;At the end of the testing;3;3;3;4;4;4;2;1;3;4;3;2;2;3;3;3;1;1;1;1;3;1;3;3;2;4;3;4;2;1;2;4;3;4;4;3;3;3;2;3;2;2;4;1;1;1;4;3;2;4;2;4;4;1;3;3;4;3;5;4;;1;4;2;1;2;3;NaN;3;3;4;361
07/10/2021 06:05;07/10/2021 08:25;0;137.56.178.21;100;8443;1;07/10/2021 08:25;R_3kMQedKeWL8QrOq;;;;;515.653.076.171.875;505.430.603.027.344;anonymous;EN;20211007_pp19_0201;1;26;3;2;1;Student data science premaster;Dutch;3;1;3;1;1;5;6;2;2;1;2;39;16;34;38;27;39;30;20;30;28;30;21;28;17;51;2;;2;2;1;1;1;1;1;2;1;1;1;1;1;1;2;1;3;1;2;4;4;4;4;4;3;3;4;3;2;4;3;2;3;4;3;2;2;3;5;4;3;4;2;2;1;1;3;3;2;4;2;2;3;4;3;3;4;4;3;4;;4;1;4;4;4;2;5;3;4;1;1;49;50;41;41;56;26;50;56;36;26;49;25;23;24;61;2;;1;1;1;3;1;1;1;1;1;1;1;1;1;1;1;1;4;1;1;3;4;4;3;3;3;3;3;4;2;4;2;2;3;4;3;1;1;1;4;3;2;3;4;1;1;1;2;1;1;1;1;1;2;4;4;2;3;3;1;3;;4;2;4;3;4;1;5;3;4;2;341
11/10/2021 05:34;11/10/2021 09:39;0;137.56.178.21;100;14702;1;11/10/2021 09:39;R_3RfPXPIdUIlpLTg;;;;;515.653.076.171.875;505.430.603.027.344;anonymous;EN;20211011_pp20_0202;2;21;1;2;1;student;Dutch;3;3;2;1;2;2;6;2;1;2;2;30;61;NaN;60;45;35;50;70;60;55;35;61;0;8;51;2;;2;2;1;2;2;1;2;1;2;1;1;1;1;1;1;1;3;4;2;3;4;4;4;4;4;4;3;5;5;3;4;4;5;5;4;1;3;4;5;4;3;3;2;2;3;3;4;3;4;5;3;1;4;3;3;3;4;5;2;4;;2;2;4;4;5;4;4;3;3;5;1;40;65;7;19;61;45;34;66;57;45;35;25;8;20;71;2;;1;3;2;2;2;1;1;1;3;3;2;1;1;1;1;1;2;4;2;2;1;4;3;3;2;3;4;3;2;3;2;4;3;3;3;1;2;3;4;2;2;1;2;1;1;2;3;3;3;2;1;1;4;4;2;3;3;2;1;3;;2;1;3;4;4;2;3;2;1;5;372
12/10/2021 00:31;12/10/2021 02:24;0;137.56.178.21;100;6775;1;12/10/2021 02:24;R_por6FYKkdM4cvEB;;;;;515.653.076.171.875;505.430.603.027.344;anonymous;EN;20211012_pp21_0101;1;20;1;1;1;student;Bulgaria;2;1;3;1;1;2;3;1;1;2;1;51;13;19;35;60;52;45;13;55;64;14;68;5;14;74;2;;1;2;1;2;3;2;1;1;1;2;1;1;2;2;2;2;5;4;4;4;4;5;5;5;4;4;5;4;3;5;5;4;4;4;3;4;3;4;5;4;2;4;3;1;4;1;3;2;4;2;2;4;3;5;4;4;3;4;3;3;;5;4;3;2;5;2;3;4;2;2;2;54;45;15;75;40;21;60;13;13;8;11;9;7;9;19;2;;1;2;1;2;1;1;1;1;1;2;1;1;1;2;1;1;5;5;5;5;4;5;5;5;5;5;5;5;4;5;5;4;4;4;4;3;4;4;5;4;2;4;4;1;3;1;4;2;3;4;3;4;5;5;5;5;4;4;4;4;;5;2;4;2;5;1;3;2;4;2;438
12/10/2021 05:52;12/10/2021 07:27;0;137.56.178.21;100;5700;1;12/10/2021 07:27;R_2wH3y3TXYbIBF3c;;;;;515.653.076.171.875;505.430.603.027.344;anonymous;EN;20211012_p22_0102;1;19;1;2;1;Student;Spain;3;4;2;1;1;2;3;2;1;1;1;38;NaN;38;65;77;28;49;7;39;9;55;30;7;11;77;2;;1;1;1;1;1;2;1;1;1;1;1;1;1;1;1;1;4;1;1;4;4;4;3;3;2;3;2;2;1;4;2;3;2;4;3;2;2;2;4;2;2;2;2;2;2;2;2;2;3;2;2;2;2;4;2;2;2;2;2;2;;3;3;4;3;4;2;4;3;4;2;2;67;7;24;NaN;64;43;45;6;40;43;59;42;20;17;30;2;;1;1;1;1;2;1;1;1;1;1;2;1;NaN;1;1;1;5;2;2;5;3;4;4;4;4;4;4;4;4;4;4;3;4;4;4;2;3;4;4;3;4;4;2;4;4;4;4;2;4;4;2;2;4;5;4;4;5;4;2;4;;4;2;4;3;4;2;4;3;4;2;358
14/10/2021 00:40;14/10/2021 02:40;0;137.56.178.21;100;7165;1;14/10/2021 02:40;R_2ONp6t9cYDvJWd1;;;;;515.653.076.171.875;505.430.603.027.344;anonymous;EN;20211014_pp23_0201;2;18;1;1;1;Student;German;2;1;1;2;1;1;3;1;2;1;2;73;11;27;74;33;27;20;0;28;32;38;63;3;5;60;2;;1;1;1;1;1;1;1;1;1;1;1;1;1;1;1;1;2;2;4;2;4;4;4;4;4;4;3;4;3;4;3;2;2;4;4;2;4;3;4;3;4;3;3;1;3;2;4;2;3;4;2;2;3;4;3;4;4;4;1;4;;4;3;2;2;4;1;5;3;2;3;1;57;4;53;34;41;35;67;3;27;28;27;46;11;8;27;2;;1;1;1;1;1;1;1;1;1;1;1;1;1;1;1;1;2;2;3;2;3;3;4;4;4;4;4;4;3;4;3;4;3;4;4;1;3;2;3;3;4;4;2;1;2;1;4;1;3;2;1;1;2;4;2;2;2;4;1;5;;2;2;4;1;3;1;5;3;2;2;336
14/10/2021 02:40;14/10/2021 06:10;0;137.56.178.21;100;12611;1;14/10/2021 06:10;R_1k1fqgeVjYsumLz;;;;;515.653.076.171.875;505.430.603.027.344;anonymous;EN;20211014_pp24_0202;1;18;1;2;1;Student;Indian;2;4;2;1;3;3;2;3;2;1;2;15;7;8;25;10;2;12;2;10;5;17;15;6;6;15;2;;1;1;1;1;1;2;1;2;1;2;1;1;1;1;1;1;5;2;4;4;4;5;5;4;4;4;3;3;2;4;2;1;3;4;4;2;4;2;5;4;4;2;2;1;1;1;4;2;3;2;4;1;3;5;4;4;4;4;2;4;;5;2;4;3;4;1;4;2;4;1;1;44;15;29;65;57;37;17;5;16;36;33;33;5;15;71;2;;1;1;1;1;2;1;1;1;3;2;1;1;1;2;1;1;3;2;2;2;3;3;3;2;2;2;2;3;1;2;1;4;3;2;1;3;2;1;4;2;1;1;2;1;1;1;2;1;2;2;1;4;2;3;3;2;4;3;4;3;;3;2;2;3;3;4;2;4;2;4;333
14/10/2021 06:10;14/10/2021 08:58;0;137.56.178.21;100;10058;1;14/10/2021 08:58;R_3NJ9QfKYgqnm2Uz;;;;;515.653.076.171.875;505.430.603.027.344;anonymous;EN;20211014_pp25_0101;2;27;1;1;1;student;Chinese;3;1;2;1;1;2;6;1;2;1;1;71;30;81;61;92;0;9;NaN;82;NaN;71;NaN;2;NaN;92;2;;1;1;1;2;1;1;1;1;1;2;1;1;1;1;1;1;5;3;4;5;5;5;5;5;5;5;5;2;1;5;1;1;1;5;4;1;1;4;4;3;3;2;2;1;1;1;4;1;3;1;3;4;4;5;5;4;5;5;1;5;;5;2;4;5;5;3;4;2;2;5;2;92;82;40;19;100;92;95;92;50;91;89;91;NaN;89;91;2;;4;3;3;2;1;4;1;4;1;4;3;4;3;3;4;1;1;3;4;1;4;1;4;4;3;5;4;5;5;1;5;5;5;5;5;5;5;5;5;5;5;5;2;4;4;3;5;5;5;5;3;5;5;2;5;5;5;2;5;5;;1;3;3;5;5;1;2;4;2;4;447
18/10/2021 01:30;18/10/2021 03:43;0;137.56.178.21;100;8022;1;18/10/2021 03:43;R_1qUqet1ti9Eamb8;;;;;515.872.955.322.266;49.346.923.828.125;anonymous;EN;20211018_pp26_0102;2;31;1;2;1;Student;Chinese;3;1;1;1;1;1;6;1;2;2;1;50;20;39;50;NaN;19;19;9;20;20;9;40;9;NaN;29;2;;1;1;1;1;1;1;1;1;1;2;1;1;1;1;1;1;1;2;3;3;5;4;2;3;2;3;3;2;2;3;2;3;4;4;3;2;2;2;4;3;4;4;3;1;1;1;2;2;2;2;1;3;2;4;4;2;2;3;2;3;;2;2;3;3;4;2;2;2;3;2;2;60;60;19;65;50;35;40;51;19;30;19;30;0;40;29;2;;2;2;1;2;1;1;1;2;1;3;1;1;1;1;1;1;1;2;3;2;4;4;4;4;2;3;3;3;2;3;2;4;2;4;4;2;2;3;4;4;3;4;4;2;2;2;4;3;2;3;2;2;3;4;3;3;2;3;2;3;;2;1;4;3;3;1;4;2;3;2;323
18/10/2021 03:47;18/10/2021 10:18;0;137.56.178.21;100;23489;1;18/10/2021 10:18;R_2rSGE7tT3riN2gt;;;;;515.872.955.322.266;49.346.923.828.125;anonymous;EN;20211018_pp27_0201;2;23;1;2;1;Student;Spanish;3;1;3;1;1;1;6;1;2;1;2;100;46;61;74;60;28;67;41;58;26;58;59;NaN;16;30;2;;1;1;1;3;3;1;1;1;1;2;2;1;1;1;1;1;3;1;4;4;4;4;4;5;2;4;3;4;5;5;2;4;4;4;4;2;2;4;5;4;4;5;4;2;4;4;4;1;4;5;2;2;4;2;5;4;4;4;1;4;;3;1;4;1;4;1;4;3;3;1;1;75;55;47;66;72;30;77;62;39;58;65;52;NaN;33;53;2;;1;1;1;2;2;1;1;1;1;3;2;1;1;1;1;1;2;1;3;2;4;4;1;2;2;2;4;2;2;3;2;4;2;2;2;2;1;3;2;3;1;3;4;1;1;1;1;1;1;1;1;1;2;2;3;2;1;1;1;2;;2;2;4;2;4;2;4;3;3;3;334
19/10/2021 00:27;19/10/2021 02:39;0;137.56.178.21;100;7911;1;19/10/2021 02:39;R_3kh9S3xvZkjkYDq;;;;;515.872.955.322.266;49.346.923.828.125;anonymous;EN;20211019_pp28_0202;2;24;1;2;1;student;Slovak;3;1;1;1;1;1;6;1;2;1;2;85;81;45;60;95;70;70;60;40;50;60;25;10;60;70;2;;3;1;1;2;2;1;1;1;1;2;2;1;1;1;1;1;3;2;3;3;4;4;4;4;3;4;4;3;2;4;4;5;4;4;4;2;4;3;4;4;3;4;4;2;3;1;4;1;3;3;2;4;2;4;5;4;3;5;1;4;;4;2;4;3;3;3;4;3;3;2;1;70;50;35;60;85;60;30;10;30;30;40;10;10;10;60;2;;1;1;1;1;1;1;1;1;1;1;1;1;1;1;1;1;4;1;5;4;4;5;5;5;4;4;4;4;3;5;5;2;4;4;4;1;4;1;4;4;3;4;1;1;1;1;4;1;3;2;2;4;2;4;4;3;3;4;1;4;;4;2;4;2;3;3;4;3;3;3;380
19/10/2021 02:39;19/10/2021 05:47;0;137.56.178.21;100;11303;1;19/10/2021 05:47;R_3ekagppujZbqBwN;;;;;515.872.955.322.266;49.346.923.828.125;anonymous;EN;20211019_pp29_0101;1;18;1;2;2;Student;Dutch;3;1;2;1;3;4;3;2;2;3;1;30;15;5;40;55;15;45;5;5;5;7;10;35;25;20;2;;1;1;1;2;2;1;1;1;1;1;1;1;1;1;1;1;3;2;3;3;2;3;4;4;5;3;3;2;2;4;3;3;5;2;4;1;2;2;2;2;1;4;4;1;2;1;2;1;4;1;1;2;1;4;4;2;2;4;1;4;;4;1;4;1;4;2;3;1;4;3;2;40;10;20;65;60;25;53;5;10;25;10;5;3;45;5;2;;1;1;1;3;3;1;1;1;3;1;1;1;1;1;1;1;3;2;4;3;4;3;5;4;5;5;4;5;5;4;3;3;4;2;2;1;4;2;2;4;5;4;5;1;3;2;3;1;4;5;1;4;2;5;5;5;4;5;1;5;If the field of vision was a bit greater, I think I would have been even more immersed.;4;1;4;1;4;1;2;2;3;2;356
19/10/2021 05:48;19/10/2021 08:23;0;137.56.178.21;100;9310;1;19/10/2021 08:23;R_24oZOtelDxQBnYU;;;;;515.872.955.322.266;49.346.923.828.125;anonymous;EN;20211019_pp30_0102;1;20;1;3;2;student;german;3;1;1;1;1;2;3;2;2;3;1;70;10;8;25;50;4;15;5;6;6;25;15;10;30;16;2;;1;1;1;2;1;1;1;1;1;2;1;1;1;1;1;2;3;1;2;4;4;4;5;4;5;1;2;5;1;4;2;2;3;5;2;2;2;2;5;4;4;3;3;1;3;1;2;2;3;1;1;1;1;5;5;3;4;NaN;1;4;;3;2;4;3;4;2;5;1;4;3;2;55;14;9;18;64;6;25;8;10;0;30;2;6;4;5;2;;1;2;1;2;1;1;1;1;1;1;1;1;1;1;1;1;4;2;4;4;4;5;5;4;5;4;5;4;2;5;3;1;4;4;4;1;1;3;3;4;4;NaN;2;1;1;1;4;1;4;2;1;1;1;5;4;3;4;4;1;4;;4;1;4;1;5;1;5;1;5;3;346
21/10/2021 00:31;21/10/2021 02:27;0;137.56.178.21;100;6965;1;21/10/2021 02:27;R_3oGaeR7sghjYJYp;;;;;515.872.955.322.266;49.346.923.828.125;anonymous;EN;20211021_pp31_0201;2;22;1;2;1;Student;Netherlands;3;2;1;1;1;1;6;1;1;1;2;81;20;9;10;75;89;71;31;12;80;60;63;9;11;61;2;;2;2;1;1;1;1;1;1;1;3;1;1;1;1;1;1;2;2;3;2;1;3;4;4;4;4;3;2;3;3;2;4;3;4;4;2;2;3;4;4;4;2;2;1;3;2;4;1;4;2;1;1;2;3;3;4;4;4;1;4;;1;2;4;4;3;2;4;3;3;3;1;70;16;9;60;40;30;70;15;12;20;71;24;38;13;26;2;;1;2;1;2;2;1;1;1;3;3;1;1;1;1;1;1;1;2;3;1;2;3;4;4;3;4;3;3;3;2;3;5;4;4;4;1;2;2;4;4;4;4;2;1;3;2;4;1;4;2;2;1;3;3;4;4;3;4;1;4;;1;2;4;4;4;2;4;3;4;2;344
21/10/2021 02:27;21/10/2021 06:26;0;137.56.178.21;100;14326;1;21/10/2021 06:26;R_32W7Nd5Ci6y8tf1;;;;;515.872.955.322.266;49.346.923.828.125;anonymous;EN;20211021_pp32_0202;2;18;1;2;1;student;Dutch;3;2;1;1;1;2;6;3;1;2;2;65;48;57;40;73;39;66;40;62;31;67;42;56;35;77;2;;2;1;1;2;1;2;2;2;1;2;1;1;2;1;1;1;3;1;1;4;3;4;3;4;2;3;4;2;1;3;3;4;3;4;2;1;3;1;2;3;3;4;2;1;1;1;4;2;2;3;1;1;3;2;2;2;2;3;1;3;;2;2;4;4;3;2;2;3;1;2;1;47;61;40;65;48;5;39;49;35;7;32;15;27;14;21;2;;1;1;3;2;1;1;1;1;1;1;1;1;1;1;1;1;2;1;2;2;3;3;2;1;2;2;3;2;1;3;1;3;2;4;3;1;1;1;1;2;3;4;2;1;1;1;1;1;1;1;1;1;1;2;2;1;3;3;3;2;;2;1;5;4;3;1;4;3;3;2;280
21/10/2021 06:26;21/10/2021 08:53;0;137.56.178.21;100;8789;1;21/10/2021 08:53;R_CdD61wotRWGNqqB;;;;;515.872.955.322.266;49.346.923.828.125;anonymous;EN;20211021_pp33_0101;1;19;1;2;1;student;polish;4;4;3;1;3;5;6;3;2;3;1;70;80;23;76;81;19;60;71;18;0;91;52;29;8;61;2;;1;1;1;1;1;1;1;1;1;1;1;1;1;1;1;1;4;1;4;5;5;5;5;5;5;5;5;5;5;5;5;1;5;5;5;1;5;5;5;5;5;5;1;4;5;5;5;1;5;5;3;5;5;5;5;5;5;5;1;5;;5;1;5;1;5;1;5;1;5;1;2;60;81;19;100;80;8;51;81;8;NaN;61;29;30;NaN;21;2;;1;1;1;1;1;1;1;1;1;1;1;1;1;1;1;1;5;1;5;5;5;5;5;5;5;5;5;5;5;5;5;1;5;5;5;1;5;5;5;5;5;5;1;5;5;5;5;1;5;5;5;5;5;5;5;5;5;5;1;5;;5;1;5;1;5;1;5;1;5;1;485
25/10/2021 01:01;25/10/2021 02:49;0;137.56.178.21;100;6479;1;25/10/2021 02:49;R_2TZ7djjuLZZrSJY;;;;;515.872.955.322.266;49.346.923.828.125;anonymous;EN;20211025_pp34_0102;2;23;3;1;1;Student;Nederlands;3;1;3;2;1;1;6;1;2;1;1;91;30;20;40;81;92;82;30;33;81;40;84;39;20;39;1;25 october 2021, 10:00;4;4;4;3;3;3;1;2;3;4;4;4;4;4;2;1;1;4;3;1;5;2;4;2;4;4;2;4;2;1;1;5;4;4;4;5;4;5;5;4;4;4;5;1;4;2;4;5;4;2;2;4;5;4;1;4;4;4;5;4;;1;1;5;2;4;1;5;1;1;5;2;30;60;29;89;31;20;49;40;19;21;31;21;20;28;18;2;;2;2;2;2;2;2;1;2;4;4;3;3;4;3;3;3;4;4;5;4;4;5;4;5;5;5;4;4;4;5;5;4;5;5;5;5;NaN;5;4;4;5;5;4;4;4;4;4;4;5;4;1;4;2;4;4;4;4;5;4;5;;4;1;4;2;4;2;4;1;4;1;476
25/10/2021 02:50;25/10/2021 05:27;0;137.56.178.21;100;9449;1;25/10/2021 05:27;R_SVPn0LYvgji1BzH;;;;;515.872.955.322.266;49.346.923.828.125;anonymous;EN;20211025_pp35_0201;2;25;1;1;1;Student;Dutch;2;3;3;1;2;1;6;1;2;1;2;75;40;35;30;65;25;55;30;25;25;56;22;30;40;50;2;;2;1;2;2;2;1;1;2;2;3;2;1;1;1;1;1;3;2;4;3;4;5;4;4;5;4;3;4;4;4;4;4;5;2;4;4;2;4;5;4;1;4;2;1;3;1;4;3;4;2;1;4;2;4;4;5;2;5;2;4;;4;2;5;3;4;1;5;4;4;3;1;60;29;50;59;81;46;55;29;55;50;71;47;46;19;81;2;;1;1;1;2;2;1;1;2;2;2;1;1;1;1;1;1;2;1;1;2;3;4;2;2;4;4;3;4;2;3;4;4;4;2;4;3;3;4;2;4;4;4;3;1;2;1;4;3;4;3;1;3;2;3;4;2;4;3;3;4;;2;4;2;4;4;3;3;3;1;4;383
25/10/2021 05:27;25/10/2021 09:37;0;137.56.178.21;100;14953;1;25/10/2021 09:37;R_211jVeyqaDAqB0r;;;;;515.872.955.322.266;49.346.923.828.125;anonymous;EN;20211025_pp36_0202;2;23;1;2;1;student;belgian;3;3;1;1;2;2;6;2;1;2;2;70;75;5;95;80;15;70;80;10;15;30;15;50;20;65;2;;3;2;1;3;1;1;1;1;1;3;1;1;1;1;1;1;5;1;4;4;4;5;4;5;4;4;3;3;2;5;5;4;5;5;4;1;2;2;4;4;4;5;4;1;1;3;4;1;2;2;1;3;2;5;4;4;5;5;2;5;;5;1;5;5;5;1;5;2;4;2;1;80;50;10;95;10;5;80;50;10;5;30;15;10;5;30;2;;2;1;1;3;1;1;1;1;1;4;1;1;1;1;1;1;4;1;4;4;2;4;2;1;2;2;4;3;4;4;4;1;4;3;4;1;3;2;4;4;4;4;5;1;4;1;4;1;3;2;1;2;3;4;4;3;4;5;1;4;;4;1;5;1;5;1;5;1;5;2;389
26/10/2021 00:18;26/10/2021 02:28;0;137.56.178.21;100;7791;1;26/10/2021 02:28;R_3hbcnm15z1zcCAk;;;;;515.872.955.322.266;49.346.923.828.125;anonymous;EN;20211026_pp37_0101;2;18;1;2;1;Student;Bulgarian;3;1;1;1;1;1;3;2;2;1;1;70;7;30;40;70;30;20;2;30;30;40;30;4;7;30;2;;1;1;1;1;1;1;1;1;1;1;1;1;1;1;1;1;4;1;1;4;4;5;4;4;3;3;2;2;1;4;2;1;4;2;4;1;2;3;5;4;2;4;1;1;3;2;4;1;4;4;1;4;2;4;5;5;5;5;1;5;;2;1;4;1;4;2;4;1;3;2;2;30;4;18;10;20;5;10;3;20;6;15;10;5;5;20;2;;2;1;1;1;1;1;1;1;1;1;1;1;1;1;1;1;3;2;4;4;5;5;5;5;3;5;4;5;5;4;5;1;4;4;4;1;4;4;4;4;4;4;1;2;4;2;5;1;3;5;2;2;3;4;5;5;5;5;1;5;;4;1;5;1;5;1;5;1;5;1;370
26/10/2021 02:28;26/10/2021 06:32;0;137.56.178.21;100;14593;1;26/10/2021 06:32;R_2OSFH1LERnsV3rj;;;;;515.872.955.322.266;49.346.923.828.125;anonymous;EN;20211026_pp38_0102;2;21;1;2;1;study --.> premaster communiciation and information sciences;Netherlands;2;1;1;1;1;1;6;1;1;2;1;39;82;71;81;82;90;35;79;85;92;77;70;28;47;90;2;;2;1;2;2;2;1;1;2;3;3;1;1;1;1;1;1;1;3;1;1;2;1;1;2;3;1;3;2;1;1;1;3;1;2;1;2;1;2;4;2;2;1;4;1;1;1;1;1;1;1;1;1;2;1;1;1;1;1;3;1;;3;3;2;5;1;4;3;2;1;4;2;61;81;70;50;50;99;61;72;83;98;76;86;13;27;91;2;;1;1;2;2;2;1;2;2;2;3;1;2;2;2;1;1;1;4;3;1;2;1;4;4;4;4;3;4;4;3;3;5;3;4;4;3;2;4;5;5;3;2;3;3;4;2;4;4;4;4;1;5;3;4;2;4;3;3;3;3;;4;3;2;4;3;3;5;3;1;3;314
26/10/2021 06:32;26/10/2021 09:14;0;137.56.178.21;100;9737;1;26/10/2021 09:14;R_Z3sqFoJSCsk9Z29;;;;;515.872.955.322.266;49.346.923.828.125;anonymous;EN;20211026_pp39_0201;2;18;1;1;1;Student;Romanian;2;1;1;1;2;1;3;1;2;1;2;80;19;35;40;71;40;25;15;NaN;30;20;20;30;0;51;2;;1;2;1;1;1;1;1;1;1;1;1;1;1;1;1;1;4;1;4;4;4;4;4;3;4;3;4;4;5;4;3;3;4;3;5;2;3;4;5;2;4;4;3;1;3;2;3;2;2;4;3;4;2;4;4;4;3;5;2;3;;5;1;5;4;4;1;5;1;4;2;1;60;30;19;55;75;45;40;20;15;39;45;35;10;1;68;2;;1;3;1;1;1;2;1;1;1;1;1;1;1;1;2;1;4;3;3;4;3;4;4;3;4;2;3;4;2;4;3;4;3;2;4;2;2;3;3;2;3;3;2;1;3;2;2;1;3;2;3;2;2;4;4;2;3;4;2;2;;3;1;4;4;4;2;5;2;4;2;360
28/10/2021 01:00;28/10/2021 03:16;0;137.56.178.21;100;8197;1;28/10/2021 03:16;R_325ylUSRPefHDPJ;;;;;515.718.994.140.625;510.029.602.050.781;anonymous;EN;20211028_pp40_0202;2;20;1;2;1;Student;German;3;1;1;1;1;1;3;2;2;1;2;45;1;2;66;59;71;30;3;7;45;3;33;8;26;91;1;when the aircraft started moving very fast ;2;3;2;2;3;2;1;1;2;4;2;2;1;3;2;1;2;5;4;2;4;4;4;4;5;2;3;4;1;3;2;5;2;2;4;4;1;3;5;4;4;3;4;1;1;1;4;3;1;1;1;1;4;3;4;1;2;4;4;4;;2;2;2;2;3;2;4;3;2;2;1;5;6;15;76;70;18;16;16;17;22;10;16;7;7;29;2;;1;2;2;2;2;1;1;2;2;3;2;1;1;2;1;1;3;4;2;2;4;5;4;4;4;4;2;4;2;4;1;3;4;2;2;3;2;3;5;4;2;2;3;1;1;1;2;2;1;1;1;1;2;3;4;2;4;2;3;2;;4;2;4;1;4;2;5;5;5;1;352
28/10/2021 03:17;28/10/2021 06:46;0;137.56.178.21;100;12571;1;28/10/2021 06:46;R_2ydQ8uQXJUeIVX7;;;;;515.718.994.140.625;510.029.602.050.781;anonymous;EN;20211028_pp41_0101;2;22;1;2;1;<undefined>;Dutch;2;1;2;1;2;2;6;2;2;2;1;60;50;50;60;67;54;57;39;36;53;44;67;26;23;34;2;;1;2;1;3;2;1;1;2;2;2;2;2;2;1;1;1;3;2;2;4;2;3;3;4;4;4;3;3;3;4;4;2;3;3;3;2;2;2;4;3;4;2;4;1;2;1;2;2;3;2;2;3;2;2;3;3;3;4;2;3;;4;2;4;2;3;2;5;3;4;3;2;54;56;33;86;71;38;46;45;26;28;49;37;13;23;22;2;;2;2;3;3;2;2;1;2;1;2;2;2;3;1;1;1;4;4;3;4;3;4;4;4;4;4;4;4;3;4;NaN;2;3;4;4;3;3;3;3;4;4;3;3;2;4;2;NaN;3;4;4;2;4;3;3;4;4;4;4;3;4;;4;1;4;2;4;2;4;3;4;2;381
28/10/2021 06:47;28/10/2021 10:24;0;137.56.178.21;100;13046;1;28/10/2021 10:24;R_1l9OATA48reeiyr;;;;;515.718.994.140.625;510.029.602.050.781;anonymous;EN;20211028_pp42_0102;1;20;1;2;1;Studdent;Sweden;3;1;1;1;1;2;6;1;2;1;1;80;80;20;70;89;10;80;80;11;11;80;10;19;10;81;2;;2;3;1;1;1;3;1;1;1;1;1;1;1;1;1;1;2;4;4;1;1;5;4;4;5;4;1;1;2;4;1;4;2;4;5;1;1;1;5;1;4;4;1;1;1;1;4;1;1;1;1;4;1;4;4;4;5;4;1;4;;2;1;1;4;5;1;1;3;1;5;2;88;71;19;70;71;21;76;71;18;19;82;19;41;20;41;2;;1;4;1;2;3;2;1;1;3;1;1;1;1;1;1;1;2;4;4;1;2;4;5;5;5;5;5;5;5;5;2;4;2;5;5;1;4;4;5;4;4;1;1;1;1;1;5;1;4;5;1;4;2;4;4;4;4;4;1;4;;2;1;1;4;4;1;2;3;1;5;352
01/11/2021 01:16;01/11/2021 03:27;0;137.56.178.21;100;7897;1;01/11/2021 03:27;R_1mk4WK5ZndZFuiL;;;;;515.718.994.140.625;510.029.602.050.781;anonymous;EN;20211101_pp43_0201;2;19;1;2;1;student;Italian;2;2;1;1;1;2;5;1;2;1;2;15;17;1;70;10;1;NaN;2;1;0;5;1;8;1;15;2;;1;1;1;2;1;1;1;1;1;1;2;1;1;2;1;1;3;2;2;3;4;4;4;4;4;4;3;4;2;4;4;2;4;4;3;2;2;2;4;4;2;5;4;2;2;1;4;2;4;2;2;2;1;4;4;4;2;2;2;4;;4;1;5;1;5;1;4;2;4;2;1;11;11;NaN;60;20;NaN;4;10;1;1;10;5;35;NaN;25;2;;1;1;1;2;1;1;1;1;1;1;2;1;1;1;1;1;2;1;1;3;4;3;2;4;2;4;4;2;1;3;2;3;4;2;2;2;2;2;4;2;2;4;4;1;1;1;2;1;2;2;1;1;1;2;4;2;2;2;1;4;;1;1;5;1;4;1;5;2;4;1;316
01/11/2021 03:29;01/11/2021 06:29;0;137.56.178.21;100;10806;1;01/11/2021 06:29;R_2V2Ouqo4Ph7xSP9;;;;;515.718.994.140.625;510.029.602.050.781;anonymous;EN;20211101_pp44_0202;2;23;1;2;1;student;Dutch;2;1;2;1;2;2;6;2;2;2;2;70;54;30;60;72;62;65;30;34;56;66;78;15;15;68;2;;2;3;1;2;2;2;3;2;2;3;1;2;1;1;2;1;3;3;2;3;4;4;4;4;4;3;4;4;3;3;3;3;4;4;4;3;4;3;4;4;2;4;3;2;3;3;4;2;3;2;2;3;4;4;4;4;4;4;3;4;Since I have a slight fear of heights, I got the same feeling as I get when I am on a roller coaster, not necessarily nauseous but more like butterflies in my stomachs;3;2;3;4;4;2;3;3;3;4;1;32;20;33;58;70;61;24;10;25;56;52;41;22;14;60;2;;1;2;1;2;1;1;2;1;2;2;1;1;1;1;2;1;4;2;3;4;4;4;4;4;4;2;3;3;2;4;3;3;3;3;4;2;3;3;4;3;2;4;3;2;3;2;4;2;3;2;2;3;3;4;4;3;4;3;2;4;;4;2;3;3;4;2;4;3;3;4;395
01/11/2021 06:30;01/11/2021 09:53;0;137.56.178.21;100;12181;1;01/11/2021 09:53;R_ROxYgaC2TfIlihj;;;;;515.718.994.140.625;510.029.602.050.781;anonymous;EN;20211101_pp45_0101;1;26;2;2;1;Single;Turkish;3;1;2;1;1;4;6;2;2;1;1;40;30;0;50;NaN;NaN;5;5;NaN;NaN;25;NaN;NaN;NaN;40;2;;1;1;1;1;2;1;1;1;1;1;1;1;1;1;1;1;4;2;1;5;3;4;1;1;4;3;1;1;1;4;1;1;3;4;1;1;3;2;4;2;1;1;1;1;1;1;1;1;2;1;1;1;3;4;5;2;4;3;1;1;;3;2;3;1;4;3;3;3;4;4;2;20;30;NaN;25;20;10;10;5;NaN;NaN;15;NaN;NaN;NaN;60;2;;1;1;1;3;1;1;1;1;1;1;3;1;1;1;1;1;5;3;2;5;2;5;2;3;5;2;3;3;2;5;2;1;3;1;3;1;2;2;4;3;2;4;4;1;1;1;4;1;3;1;1;1;3;4;4;2;3;4;1;3;;5;3;4;5;3;3;4;3;3;2;308
02/11/2021 01:16;02/11/2021 04:05;0;137.56.178.21;100;10129;1;02/11/2021 04:05;R_2RVegUyYv0uh4sq;;;;;515.718.994.140.625;510.029.602.050.781;anonymous;EN;20211102_pp46_0102;2;18;1;2;1;Student at the University;American/German;2;1;1;1;1;1;3;3;2;2;1;75;28;11;70;80;4;63;19;20;4;31;3;24;26;63;2;;1;3;1;2;3;1;1;1;2;1;1;1;1;1;1;1;5;1;3;5;4;5;4;3;5;2;3;3;2;5;4;4;4;4;2;1;3;3;4;2;2;4;4;1;1;2;1;1;2;1;1;1;2;4;2;4;2;2;1;2;;5;2;4;1;4;1;5;3;5;3;2;79;30;11;77;78;2;78;7;2;2;24;4;6;33;65;2;;2;4;2;2;2;1;1;1;2;1;3;1;1;1;1;1;5;1;3;5;4;4;4;4;5;4;3;3;2;5;3;5;4;4;2;1;3;2;4;4;4;4;4;2;2;3;3;1;4;4;2;1;3;4;4;4;3;4;4;4;;5;2;4;1;4;1;5;3;5;2;372
02/11/2021 04:05;02/11/2021 07:16;0;137.56.178.21;100;11427;1;02/11/2021 07:16;R_3Dd9ISwYJlFYJrN;;;;;515.718.994.140.625;510.029.602.050.781;anonymous;EN;20211102_pp47_0201;1;19;2;1;1;School;Dutch;4;1;3;1;2;1;6;3;1;2;2;50;5;10;20;30;0;40;10;10;NaN;30;0;40;40;40;2;;2;1;1;3;2;2;3;1;1;2;2;2;3;1;1;1;2;4;4;2;4;1;4;4;4;4;3;5;3;3;3;2;3;1;3;3;2;2;1;3;4;2;2;2;2;1;3;3;1;3;1;1;2;3;4;2;4;4;2;4;;3;1;4;1;4;1;5;3;4;1;1;50;10;10;30;50;1;50;9;NaN;NaN;60;NaN;60;8;40;2;;2;2;2;2;2;1;1;1;2;1;1;1;1;1;1;1;1;1;1;1;3;1;1;4;4;4;3;3;2;2;2;3;4;3;3;3;3;3;3;3;4;4;3;2;3;2;2;2;4;2;2;2;2;2;4;2;4;4;2;4;;1;1;5;1;4;1;4;2;4;3;336
02/11/2021 07:19;02/11/2021 10:18;0;137.56.178.21;100;10736;1;02/11/2021 10:18;R_yF3vVxXOVO9AyXL;;;;;515.718.994.140.625;510.029.602.050.781;anonymous;EN;20211102_pp48_0202;2;19;1;2;1;Student;Latvia;3;3;2;1;2;2;6;3;1;2;2;64;65;25;18;85;36;50;60;73;47;32;85;47;6;85;2;;2;3;4;2;3;1;1;1;3;4;3;4;2;3;1;2;3;4;4;5;3;5;3;4;5;3;4;4;3;2;3;3;4;4;3;2;4;3;2;3;4;4;3;1;3;3;3;2;3;3;3;3;2;4;4;4;4;4;5;4;;3;2;3;3;4;2;5;3;2;4;1;16;56;15;87;71;17;25;60;34;15;13;12;21;22;6;2;;2;3;2;2;2;1;1;1;1;2;2;2;2;2;1;1;4;3;4;5;5;5;4;5;5;5;5;5;5;4;5;3;4;2;3;2;4;3;4;3;4;4;3;2;3;3;3;2;2;4;2;3;3;4;3;3;4;4;3;4;;4;2;3;3;4;2;5;3;4;2;436
04/11/2021 01:28;04/11/2021 04:53;0;137.56.178.21;100;12271;1;04/11/2021 04:53;R_3khbaLoAply5LZx;;;;;515.718.994.140.625;510.029.602.050.781;anonymous;EN;20211104_pp49_0101;2;19;1;2;1;student;Polish;2;1;1;1;2;2;1;1;2;2;1;40;18;9;69;78;61;62;30;19;29;19;20;19;12;57;2;;1;2;2;2;2;1;1;1;1;1;1;1;1;1;1;1;3;2;2;3;4;4;3;2;2;2;2;2;2;4;2;3;2;4;2;3;3;3;4;3;2;4;4;2;2;2;4;2;4;2;2;2;3;4;4;3;2;3;3;2;;3;2;4;2;4;2;4;3;4;3;2;40;21;20;70;71;41;69;31;19;18;17;29;41;61;41;2;;2;2;2;2;2;1;1;1;1;1;1;1;1;1;1;1;2;3;2;2;4;4;4;4;3;3;2;2;2;3;3;4;4;3;4;4;3;3;4;3;3;4;4;2;2;4;4;3;3;2;4;3;4;4;3;4;3;4;4;3;;2;2;4;1;4;1;5;3;4;3;353
04/11/2021 04:53;04/11/2021 08:21;0;137.56.178.21;100;12475;1;04/11/2021 08:21;R_umPOLbo1ZxrnjiN;;;;;515.718.994.140.625;510.029.602.050.781;anonymous;EN;20211104_pp50_0102;1;18;1;2;1;Student;Netherlands;3;2;3;1;2;4;3;3;2;2;1;60;20;10;70;50;10;66;20;10;10;30;19;20;20;40;2;;1;1;1;1;1;1;1;1;1;1;1;1;1;1;1;1;3;1;1;4;1;4;4;2;2;1;3;3;1;4;2;2;3;2;3;1;2;2;2;2;2;3;1;1;1;1;3;1;2;1;1;1;1;4;3;1;2;4;1;3;;4;2;4;3;4;2;4;3;3;2;2;72;15;13;85;35;9;71;15;11;9;9;10;30;40;19;2;;3;1;3;2;1;1;1;3;1;1;1;1;2;1;1;1;4;2;4;4;1;4;4;4;2;2;1;3;2;4;2;4;2;3;3;4;2;3;4;2;1;2;2;1;1;1;3;3;2;4;2;1;2;4;4;3;3;4;4;2;;4;1;4;2;3;2;4;3;4;3;309
04/11/2021 08:22;04/11/2021 11:34;0;137.56.178.21;100;11510;1;04/11/2021 11:34;R_1JX6249MRBmkLau;;;;;515.718.994.140.625;510.029.602.050.781;anonymous;EN;20211104_pp51_0201;1;19;1;1;1;Student;Latvian;4;1;2;1;2;4;3;1;2;2;2;30;10;10;20;30;5;30;5;5;5;10;10;10;10;15;2;;1;1;1;2;1;1;1;1;1;1;2;1;1;1;1;1;3;1;2;3;1;4;4;4;4;4;4;3;4;5;2;1;3;3;4;1;2;2;4;3;4;4;3;2;3;3;4;1;4;4;1;3;2;4;5;4;3;4;1;4;;4;1;5;1;5;1;5;3;5;1;1;30;15;10;15;25;5;10;15;9;NaN;15;5;10;10;10;2;;1;1;1;1;1;1;1;1;1;1;1;1;1;1;1;1;3;3;2;3;2;5;3;4;3;3;3;3;1;5;2;1;4;3;3;1;2;2;2;2;2;3;1;1;2;2;2;1;2;1;1;2;2;3;4;3;2;2;1;2;;4;1;5;1;5;1;5;3;5;1;327
08/11/2021 00:13;08/11/2021 03:26;0;137.56.178.21;100;11618;1;08/11/2021 03:26;R_2wFiQIY15FYEuUY;;;;;515.718.994.140.625;510.029.602.050.781;anonymous;EN;20211108_pp52_0202;2;22;1;2;1;Student;Dutch;2;1;1;1;1;2;6;3;2;2;2;77;24;16;45;61;27;69;22;12;20;62;24;60;11;62;2;;1;1;1;1;1;1;1;1;1;2;2;1;1;1;2;1;4;2;4;4;4;5;4;4;5;4;4;3;3;4;4;2;4;4;4;2;3;4;4;4;2;4;1;2;3;2;4;2;4;3;1;2;3;4;4;4;1;4;1;4;;4;2;4;4;4;1;5;2;3;4;1;38;11;9;61;64;27;39;20;34;30;63;29;10;50;62;2;;1;1;1;1;1;1;1;1;1;1;1;1;1;1;1;1;2;1;1;2;3;3;2;2;3;4;4;2;2;3;2;2;3;4;3;1;2;2;4;2;3;4;1;1;1;1;1;1;2;1;1;2;1;3;3;2;3;2;1;4;;2;2;4;3;3;2;3;3;3;4;332
08/11/2021 03:27;08/11/2021 05:49;0;137.56.178.21;100;8546;1;08/11/2021 05:49;R_w60GJgvPOQcIdqh;;;;;515.718.994.140.625;510.029.602.050.781;anonymous;EN;20211108_pp53_0101;2;24;1;1;1;Student;Dutch;2;1;1;1;1;1;6;2;2;1;1;85;70;65;70;85;75;80;70;70;70;90;70;40;30;85;2;;2;2;1;2;1;3;1;1;1;1;1;2;2;2;1;1;4;3;2;4;5;5;5;5;5;4;4;2;1;4;2;4;4;4;4;NaN;3;3;4;2;4;4;4;1;1;1;2;1;1;1;1;2;3;4;4;3;4;4;1;2;I really liked how the cross helped me to navigate better.;4;1;4;1;4;1;4;2;3;2;2;93;95;60;56;93;61;82;94;60;75;85;57;61;43;74;1;Directly when I started to turn 360 degrees. November 8, 2021 at 13:30;4;3;4;2;2;2;3;4;4;2;1;4;4;4;3;1;2;5;3;2;5;4;5;5;3;4;4;4;4;2;2;4;4;5;5;5;3;5;3;3;4;4;3;1;4;1;4;5;2;3;1;4;3;4;4;3;4;4;4;4;This time I found it way more difficult.;2;2;3;2;3;2;3;3;1;2;398